标题,作者,地址,期刊名,发表时间,页码,页数,摘要,关键词,基金资助,DOI,专辑,专题,分类号,下载数,被引数,引用数,参考文献,网址
中国1982年人口普查的质量控制,李成瑞,,统计研究,1984年01期,3-14,12,"<正> 中华人民共和国以1982年7月1日0时为标准时间,进行了第三次全国人口普查。这次普查的人口在10亿以上,普查的内容共有19个项目。经过手工计算的主要数字,已于1982年10月27日由国家统计局公布。用电子计算机处理全部普查资料的工作,正在按计划进行,预计1984年年底可以处理完毕。 ",,,10.19343/j.cnki.11-1302/c.1984.01.001,经济与管理科学; 社会科学Ⅱ辑,经济统计,,101,6,0,,https://kns8.cnki.net/KCMS/detail/detail.aspx?dbcode=CJFD&filename=TJYJ198401001
在国际统计学会第44届会议议题为《1980年次人口普查》的科学讨论会上的讨论发言,V·卡尼斯托; 李海岩,芬兰,统计研究,1984年01期,15-18,4,"国际统计学会第44届会议1983年9月12日—22日在西班牙首都马德里召开期间,在议题为《1980年次人口普查》的科学讨论会上,宣读了以下四篇特邀论文:(1)联合国统计司游允中先生的《1980年次人口普查概况及其中出现的问题》,(2)我国国家统计局局长李成瑞同志的《中国1982年人口普查的质量控制》,(3)法国M·贝利尔及丁·德·比埃先生的《法国1982年人口普查中的编码体系》,(4)美国密执安大学名誉教授L·基什与联合国统计司V·弗玛先生的《普查加样本:二者相互结合的使用与设计》。 芬兰统计学家,曾被联合国派往五十多个国家协助人口普查的卡尼斯托先生被邀请对上述论文进行评论。他在评论李成瑞同志的论文时,对我国1982年人口普查工作给予了高度评价。他在发言中还对世界人口普查提出了一些值得重视的意见。以下是他的讨论发言全文。 ",,,10.19343/j.cnki.11-1302/c.1984.01.002,经济与管理科学; 社会科学Ⅱ辑,经济统计,,44,1,0,,https://kns8.cnki.net/KCMS/detail/detail.aspx?dbcode=CJFD&filename=TJYJ198401002
宏观经济效益指标体系探讨,佟哲晖,,统计研究,1984年01期,19-25,7,"<正> 不断提高经济效益是实现党的战略目标的前提。为此,大力加强经济效益的统计考核和分析应当成为当前和今后统计工作中一项头等重要的,具有战略意义的任务,是统计工作为实现我们党新时期总任务而服务的一项重要措施。 要加强经济效益的统计考核和分析,首先要解决的问题,就是设置什么样的经济效益指标体系。就宏观经济而言,应当建立怎样的经济效益统计指标体系问题,近年来,经济理论界和从事实际工作的同志展开了热烈的研究、讨论,提出了许多不同的意见。其中有两种意见值得注意: ",,,10.19343/j.cnki.11-1302/c.1984.01.003,经济与管理科学; 社会科学Ⅱ辑,经济统计,,73,,,,https://kns8.cnki.net/KCMS/detail/detail.aspx?dbcode=CJFD&filename=TJYJ198401003
关于建立机械工业企业经济效益指标体系的探索,徐磐祥; 陈达夫; 黄仲桢,,统计研究,1984年01期,24-31,8,"<正> 赵紫阳总理1982年3月在全国工交会议上指出:“我们讲经济效益,首先要明确这样一个观点,就是要以尽量少的活劳动消耗和物质消耗,生产出更多符合社会需要的产品”。这个讲话既是对社会主义经济效益的本质特征和概念作出的科学概括,又是指导我们工作实践的基本思想。围绕这个指导思想,我们在考虑具体指标时,既要有反映价值方面的效益指标,又要有反映使用价值方面的效益指标;既要有反映生产领域的效益 ",,,10.19343/j.cnki.11-1302/c.1984.01.004,经济与管理科学; 社会科学Ⅱ辑,经济统计,,29,,,,https://kns8.cnki.net/KCMS/detail/detail.aspx?dbcode=CJFD&filename=TJYJ198401004
论几种调查统计方法的结合,张维华; 冯杞靖,,统计研究,1984年01期,32-39,8,"<正> 搜集统计资料,是整个统计工作中很重要的基础工作。搜集统计资料的方法,特别是引进国外的统计方法应当结合中国的实际,做到洋为中用,而且要把多种调查统计方法结合起来,才能搜集到准确、全面、系统的统计资料,以满足分析研究国民经济和社会发展情况的需要。我们设想以全面统计与抽样调查相结合为基础,把各种调查统计方法结合起来,使之互相配套形成体系,建立起比较完善的调查统计方法制度。本文试图从理论上和实践上论述这个问题。 ",,,10.19343/j.cnki.11-1302/c.1984.01.005,基础科学; 社会科学Ⅱ辑,数学,,138,,,,https://kns8.cnki.net/KCMS/detail/detail.aspx?dbcode=CJFD&filename=TJYJ198401005
关于改革工业统计指标体系和几个统计方法问题的初步探讨,陈振裕,,统计研究,1984年01期,40-46+39,8,"<正> 发展速度、比例关系、经济效益、技术进步是发展工业经济的极为重要的问题。因此,在不断改进和完善全面反映工业再生产过程中产供销和人财物的基本活动的统计指标体系的同时,要把改进和完善反映发展速度、比例关系、经济效益、技术进步的统计指标体系,作为改革工业统计方法制度的重要内容。 ",,,10.19343/j.cnki.11-1302/c.1984.01.006,经济与管理科学; 社会科学Ⅱ辑,经济统计,,65,,,,https://kns8.cnki.net/KCMS/detail/detail.aspx?dbcode=CJFD&filename=TJYJ198401006
学习马克思对统计理论和方法的启示,黄良文,,统计研究,1984年01期,47-54,8,"<正> 建立以马克思列宁主义为指导的,适应社会主义建设需要的社会经济统计学,迄今仍然是一项开创性的工作。这里有批判性的问题,也有继承性的问题,更有理论的发展方向问题,学术界争论热烈,分岐很大。争论的焦点是,社会经济统计学是不是一门独立的社会科学?这门科学的理论基础是什么?对于这些问题,必须坚持马克思列宁主义原则立场,从我国实际出发,才能逐步获得解决。认真学习和领会马克思关于统计理论和方法的启示,对于促进社会经济统计科学建设和提高统计科学水平具有重要的意义。 ",,,10.19343/j.cnki.11-1302/c.1984.01.007,经济与管理科学; 社会科学Ⅱ辑,经济理论及经济思想史,,121,1,1,"政治算术[M]. 商务印书馆 , [英]配第(W·Petty) 著, 1978",https://kns8.cnki.net/KCMS/detail/detail.aspx?dbcode=CJFD&filename=TJYJ198401007
实事求是是研究统计科学问题的指导思想——评苏联《统计理论》及其“社会经济统计学”,戴世光,,统计研究,1984年01期,55-62+67,9,"<正> 我国社会主义四个现代化,是要实现农业现代化、工业现代化、国防现代化和科学技术现代化。由于农业、工业、国防观代化的关键在于科学现代化,因而科学不仅本身要现代化,而且要走在前面,为实现工、农业现代化作出贡献。现代的科学和技术,从自然,社会科学到科学方法技术,种类繁多,发展很快。我国的科学现代化,应该争取在科学之间相互配合、平衡的发展。从当前的社会、 ",,,10.19343/j.cnki.11-1302/c.1984.01.008,社会科学Ⅱ辑,社会学及统计学,,87,,,,https://kns8.cnki.net/KCMS/detail/detail.aspx?dbcode=CJFD&filename=TJYJ198401008
就《实事求是是研究统计科学问题的指导思想》一文同戴世光同志商榷,莫曰达,,统计研究,1984年01期,63-67,5,"<正> 从1978年以来,戴世光同志接连发表了几篇论文,包括1983年11月在第三次全国统计科学讨论会上提出的《实事求是是研究统计科学问题的指导思想》一文在内,内容和写法,大同小异,目的都是为了重复论证他的“社会经济统计学是一门虚构的科学”的观点。但是,《实事求是是研究统计科学问题的指导思想》一文,与以前发表过的论文比 ",,,10.19343/j.cnki.11-1302/c.1984.01.009,社会科学Ⅱ辑,社会学及统计学,,74,1,0,,https://kns8.cnki.net/KCMS/detail/detail.aspx?dbcode=CJFD&filename=TJYJ198401009
对《实事求是是研究统计科学问题的指导思想》一文的一些不同意见,郑尧,,统计研究,1984年01期,68-72,5,"<正> 这是戴世光同志提交中国统计学会第三次全国统计科学讨论会的一篇论文。论文的基本观点和中心思想,是戴世光同志五年多来所始终坚持的。这就是文中所说的,“1978年,我们在三中全会思想路线的指导下,发起了‘两门统计学’——一门数理统计学,一门以苏联《统计理论》为代表的‘统计学’的科学论战。”但这篇论文更明确地指出,它所批判的对象,是我国现行的“社会 ",,,10.19343/j.cnki.11-1302/c.1984.01.010,社会科学Ⅱ辑,社会学及统计学,,42,,,,https://kns8.cnki.net/KCMS/detail/detail.aspx?dbcode=CJFD&filename=TJYJ198401010
从职工家计调查的超级汇总展望今后统计计算的现代化,赵歧明; 那荣仁,,统计研究,1984年01期,72-76,5,"<正> 辽宁省职工家庭生活调查,从1981年一季度开始运用电子计算机对全省六个调查城市的1,260户的分户资料进行超级汇总,至今已届三年。根据这三年的实践,对于今后统计计算现代化的有关问题,提出我们的一些看法。 ",,,10.19343/j.cnki.11-1302/c.1984.01.011,基础科学; 社会科学Ⅱ辑,数学,,28,,,,https://kns8.cnki.net/KCMS/detail/detail.aspx?dbcode=CJFD&filename=TJYJ198401011
《统计研究》丛刊一至九辑述评,林青,,统计研究,1984年01期,77-79,3,"<正> 中国统计学会主办的《统计研究》丛刊,自1980年创刊以来,迄1983年共编集了九辑。前两辑,由中国财经出版社出版,后七辑,由中国统计出版社出版。九辑共辑录论文百余篇,约二百万字。内容从统计基础理论的研究到改革统计方法制度的探讨,从社会经济统计到数理统计方法在社会经济统计中的应用,从我国统计实践的经验概括到外国统计工作的情况介绍,从国民经济综合平衡统计的加强到有关专业统计的改进等等, ",,,10.19343/j.cnki.11-1302/c.1984.01.012,经济与管理科学; 社会科学Ⅱ辑,经济统计,,45,,,,https://kns8.cnki.net/KCMS/detail/detail.aspx?dbcode=CJFD&filename=TJYJ198401012
我国古代的民意调查——采诗制度,高歌今,,统计研究,1984年01期,80-81,2,"<正> 一般讲民意调查史的人,总是从美国谈起。这是因为,早在十九世纪七八十年代,被称为“丑闻报导者”的《大西洋月刊》和《北美评论》就开始对人民意见进行调查,主要是揭露社会的黑暗面。二十世纪前后,民意调查朝着政治态度调查的方向发展。《纽约先驱报》、《芝加哥人报》、《文摘》等,都搞过所谓“假投票”,测验公众对候选人的反应。1935年以后,由乔治·盖洛普领导的美国民意调查所,大大地扩展调查的内容,除测验公众对候选人的反应外,还测验公众对于立法和其他政府措施的态度。时至今日,盖洛普测验已经成为民意调查的同义词了。 ",,,10.19343/j.cnki.11-1302/c.1984.01.013,哲学与人文科学; 社会科学Ⅱ辑,人物传记,,251,4,0,,https://kns8.cnki.net/KCMS/detail/detail.aspx?dbcode=CJFD&filename=TJYJ198401013
Gapital Goods是什么?,过季彤,,统计研究,1984年01期,81-54,2,"<正> Capital Goods一词在西方经济文献资料上经常出现。这个词的中文译名既不统一,也不好理解。有人把它译为“资本货物”,有人把它译为“资本品”,也有人把它译为“资本财”。还有的人可能觉得这些译法都不好理解,干脆把它译为“生产资料”。 ",,,10.19343/j.cnki.11-1302/c.1984.01.014,经济与管理科学; 社会科学Ⅱ辑,经济理论及经济思想史,,35,,,,https://kns8.cnki.net/KCMS/detail/detail.aspx?dbcode=CJFD&filename=TJYJ198401014
社会主义再生产和国民经济核算体系,岳巍,,统计研究,1984年02期,9-14,6,"<正> 如何进一步健全国民经济核算体系的问题,已经提到我国统计工作的重要议事日程上。我们要提高统计工作的科学水平,逐步实现统计工作的现代化,必须有一个适合我国情况的完整的统计指标体系,大力开展综合分析研究工作,系统地反映我国国民经济比例,效益和速度,反映社会主义经济的内在联系和规律性。 ",,,10.19343/j.cnki.11-1302/c.1984.02.002,经济与管理科学; 社会科学Ⅱ辑,经济统计,,48,,,,https://kns8.cnki.net/KCMS/detail/detail.aspx?dbcode=CJFD&filename=TJYJ198402001
再论国民经济平衡表,刘长新,,统计研究,1984年02期,15-21,7,"<正> 我国国民经济的基本特点是在公有制基础上实行计划经济。及时反映生产和流通领域的计划执行情况,特别是国民经济计划执行过程中的综合平衡情况,就成为计划经济管理对社会主义统计工作提出的重要任务。实现这一任务的唯一途径就是进行国民经济核算,并采取国民经济平衡表的具体核算形式。 ",,,10.19343/j.cnki.11-1302/c.1984.02.003,经济与管理科学; 社会科学Ⅱ辑,经济统计,,63,4,1,"苏联社会主义经济问题[M]. 人民出版社 , (苏)斯大林著, 1961",https://kns8.cnki.net/KCMS/detail/detail.aspx?dbcode=CJFD&filename=TJYJ198402002
对建立我国社会统计指标体系的一些想法,黄德邻; 宋瑛,,统计研究,1984年02期,22-27,6,"<正> 国家统计局提出要建立与健全两个统计指标体系的问题,即一个是国民经济统计指标体系,一个是社会统计指标体系。国家统计局社会司已提出了一个社会统计指标体系草案,现正搜集资料进行试编。由于编制社会统计指标体系,在我国统计工作中是一个新课题,无论在理论和实践上均有不少值得研究的问题。本文拟就什么是社会统计,什么是社会统计指标体系,社会统计指标体系的基本内容和重要意义以及如何在我国建立这项工作等等,谈谈我们的一些粗浅想法。 ",,,10.19343/j.cnki.11-1302/c.1984.02.004,经济与管理科学; 社会科学Ⅱ辑,经济体制改革,,92,2,0,,https://kns8.cnki.net/KCMS/detail/detail.aspx?dbcode=CJFD&filename=TJYJ198402003
范围·中心·基本结构——设置社会统计指标体系的几个问题,熊振南,,统计研究,1984年02期,28-34+27,8,"<正> 编制我国社会统计指标体系(以下简称“体系”)的工作正在进行。试编中有人认为“体系”内容太多、太广,但也有人认为反映这种或那种问题的指标太少、太欠缺。这说明关于“体系”应当包括哪些内容,选择什么指标,怎样体现科学性、完整性和统一性,是亟待解决的课题。本文试图根据试编工作中的学习体会,谈一点门户之见。 ",,,10.19343/j.cnki.11-1302/c.1984.02.005,经济与管理科学; 社会科学Ⅱ辑,经济统计,,59,1,1,"毛泽东选集[M]. 人民出版社 , 毛泽东著, 1966",https://kns8.cnki.net/KCMS/detail/detail.aspx?dbcode=CJFD&filename=TJYJ198402004
《中华人民共和国统计法》的特色,余英,,统计研究,1984年02期,35-40,6,"<正> 《中华人民共和国统计法》已于1983年12月8日以中华人民共和国主席会第九号公布,从1984年1月1日起在全国范围内施行。《统计法》的实施,是加强我国统计工作,促进统计工作现代化的一项重大措施,并将对整个社会主义现代化建设事业产生积极的影响。 ",,,10.19343/j.cnki.11-1302/c.1984.02.006,社会科学Ⅱ辑,社会学及统计学,,38,1,0,,https://kns8.cnki.net/KCMS/detail/detail.aspx?dbcode=CJFD&filename=TJYJ198402005
中国统计学会第二届理事会第一次常务理事会在京召开,学惠,,统计研究,1984年02期,40,1,"<正> 中国统计学会第二届理事会第一次常务理事会,于1983年3月21日至23日在北京召开。会议根据中国统计学会第二次代表会议的精神,从当前统计工作面临的形势和任务出发,讨论了加强统计科学研究工作的指导思想,安排了1984—1985年的统计科研重点,并就今明两年统计科学讨论会的打算和专题统计学术研究组的组织问题交换了意见。 ",,,10.19343/j.cnki.11-1302/c.1984.02.007,社会科学Ⅱ辑,社会学及统计学,,27,,,,https://kns8.cnki.net/KCMS/detail/detail.aspx?dbcode=CJFD&filename=TJYJ198402006
我国古代有关统计的法制,李品,,统计研究,1984年02期,41-44+46,5,"<正> 我国历代统治阶级,都把统计当作国家管理的一个重要工具,把建立和健全经济法制当作实行经济专制的一种重要手段。为了维护统治阶级的经济政治利益,从春秋时代起,统计就逐步与国家的经济法制联系起来。到了秦汉,有关统计方面的法制已具一定规模,以后历代封建王朝,又进一步有所发展。这里应该说明,我国古代的统计核算是同会计核算、业务核算分不开的。 我国古代有关统计方面法制的内容,主要有三个方面: ",,,10.19343/j.cnki.11-1302/c.1984.02.008,社会科学Ⅱ辑,社会学及统计学,,64,1,0,,https://kns8.cnki.net/KCMS/detail/detail.aspx?dbcode=CJFD&filename=TJYJ198402007
在国际统计学会第44届会议第4次会议“行政记录在社会与人口统计中的应用”上的讨论发言,李成瑞,,统计研究,1984年02期,45-46,2,"<正> 谢谢三位作者向我们宣读了他们的出色的论文。他们根据本国的具体情况,详细地、深入地阐述了行政记录在社会与人口统计中的应用,使我们了解到在不同国家中应用行政记录的各具特色的丰富经验,其中有些是很新鲜的经验。现在,我想就这三篇论文的内容,并结合中国统计有关这方面的情况,发表一些意见。 ",,,10.19343/j.cnki.11-1302/c.1984.02.009,社会科学Ⅱ辑,社会学及统计学,,93,1,0,,https://kns8.cnki.net/KCMS/detail/detail.aspx?dbcode=CJFD&filename=TJYJ198402008
国际统计学会第44届会议“行政记录在社会与人口统计中的应用”科学讨论会情况介绍,吴辉,,统计研究,1984年02期,47-51,5,"<正> 国际统计学会第44届会议于1983年9月12日至22日,在西班牙首都马德里召开。9月14日上午,在美国普查局副局长B·贝勒主持下,召开了议题为“行政记录在社会与人口统计中的应用”的科学讨论会。会上宣读了三篇特邀论文:(1)丹麦统计局L.蒂吉森的《与以行政记录为基础的社会人口统计制度有关的方法论问题》,(2)法国中央统计局J·F·蓬索的《法国利用税务方面的资料来进行收入分配统计》,(3)美国普查局R.A.赫里奥特的《行政记录在社会与人口统计中的应用》。我国国家统计局局长李成瑞同志与加拿大统计局局长威尔克是会议特邀的讨论者,在会上对这些论文进行了评论;李成瑞同志在发言中,还介绍了我国的有关情况。其他国家一些统计学家也即席发表了讨论意见。 ",,,10.19343/j.cnki.11-1302/c.1984.02.010,经济与管理科学; 社会科学Ⅱ辑,经济统计,,108,2,0,,https://kns8.cnki.net/KCMS/detail/detail.aspx?dbcode=CJFD&filename=TJYJ198402009
联合国国际比较项目简介,王鹤,,统计研究,1984年02期,51,1,"<正> 国民生产总值是衡量资本主义国家经济水平的主要综合指标。在进行国际比较时,目前普遍使用的方法是按官方汇率将各国的以本国货币表示的国民生产总值换算成以美元表示的国民生产总值。 在当前的浮动汇率制度下,汇率上下波动频繁,按汇率折算的以美元表示的国民生产总值无法准确地反映一国经济的发展情况。而且汇率往往不能如实地反映各国货币之间的实际的购买力平价,尤其是发展中国家同发达国家比较时,按官方汇率折算的发展中国家的国民生产总值常常被低估,从而拉大了同发达国家的差距。以汇率为基础进行国际比较的这些缺陷,歪曲了原有资料,从而得不出准确的对比结果。 ",,,10.19343/j.cnki.11-1302/c.1984.02.011,经济与管理科学; 社会科学Ⅱ辑,金融,,66,,,,https://kns8.cnki.net/KCMS/detail/detail.aspx?dbcode=CJFD&filename=TJYJ198402010
加强统计分析 充分发挥统计的服务和监督作用,章钟基,,统计研究,1984年02期,52-58+8,8,"<正> 一、开展统计分析的重要意义 统计分析,是统计工作的重要组成部分。它是在统计调查、统计整理的基础上,进行再加工提高,以充分发挥统计的服务和监督作用的重要阶段。统计分析,要以马列主义、毛泽东思想为指导,运用统计分析的方法,说明客观事物的运动过程和内在联系,揭示事物的本质及其规律性,提出解决矛盾的办法。统计分析工作开展的深度和广度如何,在很大程度上反映着统计工作的水平。 ",,,10.19343/j.cnki.11-1302/c.1984.02.012,社会科学Ⅱ辑,社会学及统计学,,33,,,,https://kns8.cnki.net/KCMS/detail/detail.aspx?dbcode=CJFD&filename=TJYJ198402011
对反映工业综合经济效益几个指标的评价,何永德,,统计研究,1984年02期,59-64,6,"<正> 用什么指标作为反映工业经济效益的综合指标,有的主张用成本产值率,有的主张用产值利润率,有的主张用按净产值计算的劳动生产率。这些指标有个共同的缺点,就是不能很好地反映劳动占用的影响。从目前探讨的情况来看,比较值得重视的指标有四: ",,,10.19343/j.cnki.11-1302/c.1984.02.013,经济与管理科学; 社会科学Ⅱ辑,宏观经济管理与可持续发展,,40,,,,https://kns8.cnki.net/KCMS/detail/detail.aspx?dbcode=CJFD&filename=TJYJ198402012
平均发展速度偏差率及其水平法校正模型的研究,周雄鹏,,统计研究,1984年02期,65-70+79,7,"<正> (式中X为平均发展速度,a_i:为第i期的发展水平,n为间隔的期数)。由于水平法不具体反映中间各期的发展变化情况,而发展又不大可能以严格的等比级数进行,故按水平法计算的各期水平总和与实际的总和一般是有误差的。水平法的这一局限性,在统计学界一直存在着关于其计算出的平均速度代表性是否充分的争论。其实任何一项统计指标及其计算方法都有 ",,,10.19343/j.cnki.11-1302/c.1984.02.014,基础科学; 社会科学Ⅱ辑,数学,,30,,,,https://kns8.cnki.net/KCMS/detail/detail.aspx?dbcode=CJFD&filename=TJYJ198402013
十亿人口的普查(摘要),李成瑞,,统计研究,1984年03期,1-6,6,"<正> 中华人民共和国根据社会主义现代化建设、安排人民生活和控制人口增长的需要,于1982年进行了第三次全国人口普查。这次普查的人口达十亿之多,调查19个项目,全部数据用电子计算机处理。调查登记和数据处理的质量都达到了较高的水平。这些成就,是在中国各级政府的领导下,经过普查人员的努力,依靠广大人民群众取得的。联合国和友好国家、友好人士对这次普查给予了可贵的帮助和支持。 ",,,10.19343/j.cnki.11-1302/c.1984.03.001,经济与管理科学; 社会科学Ⅱ辑,经济统计,,33,,,,https://kns8.cnki.net/KCMS/detail/detail.aspx?dbcode=CJFD&filename=TJYJ198403000
中国人口现状的初步分析,马安; 查瑞传,,统计研究,1984年03期,5-19,15,"<正> 1982年全国人口普查提供了中国人口最新的全面准确的统计资料。目前,10％抽样汇总构材料已经发表。对这些数据进行初步分析,可概括看出我国人口的现状和发展中的某些特点。 ",,,10.19343/j.cnki.11-1302/c.1984.03.002,社会科学Ⅱ辑,人口学与计划生育,,135,1,0,,https://kns8.cnki.net/KCMS/detail/detail.aspx?dbcode=CJFD&filename=TJYJ198403001
中国人口平均期望寿命的初步研究,蒋正华; 张为民; 朱力为,,统计研究,1984年03期,19-29,11,"<正> 在漫长的中国历史上,充满了压迫和反压迫的斗争,战争、饥荒、统治者的横征暴敛造成大批人口死亡,平均期望寿命一直维持在很低的水平上。其确切的数值由于缺乏可靠资料而不能求得,若按数千年来人口增长率和中国人口的自然生育率来估计,平均期望寿命值可能只有25岁到30岁。从二十世纪以来,人口数据开始受到注意,但在解放前,这种记录很不完整,平均期望寿命的资料更是缺乏,就是典型调查也只有某些学术机构自行组织过很少的几次。我们对历史情况的分析只能局限在这些资料上。 ",,,10.19343/j.cnki.11-1302/c.1984.03.003,经济与管理科学; 社会科学Ⅱ辑,经济统计,,172,,,,https://kns8.cnki.net/KCMS/detail/detail.aspx?dbcode=CJFD&filename=TJYJ198403002
关于高等学校统计教材的几个问题,林青,,统计研究,1984年03期,30-35,6,"<正> 自从1978年11月国家统计局在四川峨眉召开“统计教学、科研规划座谈会”后,迄1983年,我国编写出版了多种统计教材。出版的品种、数量之多,大大超过了“文化大革命”前的十七年。五年来出版的统计教材大体上有这样几种情况: ",,,10.19343/j.cnki.11-1302/c.1984.03.004,社会科学Ⅱ辑,社会学及统计学,,31,,,,https://kns8.cnki.net/KCMS/detail/detail.aspx?dbcode=CJFD&filename=TJYJ198403003
评《商业统计学》,曾坤先,,统计研究,1984年03期,36-38,3,"<正> 目前我国高等财经院校使用的《商业统计学》教材,是1980年由国家统计局统一组织的《商业统计学》编写组编写的,经22泣高等院校教师一年多的努力,于1981年10月由中国人民大学出版社出版。几年来,它已越出院校的大门,实际上成为广大商业统计工作者的自学用书,在国内有一定影响。 ",,,10.19343/j.cnki.11-1302/c.1984.03.005,基础科学; 社会科学Ⅱ辑,数学,,24,,,,https://kns8.cnki.net/KCMS/detail/detail.aspx?dbcode=CJFD&filename=TJYJ198403004
关于牲畜商品率计算公式的探讨,刘明臣,,统计研究,1984年03期,39-40,2,"<正> 所谓商品率,实质上就是产品生产中商品部分占全部产品总量的百分比。比如,农作物产量的商品率计算公式是: ",,,10.19343/j.cnki.11-1302/c.1984.03.006,经济与管理科学; 社会科学Ⅱ辑,经济统计,,39,,,,https://kns8.cnki.net/KCMS/detail/detail.aspx?dbcode=CJFD&filename=TJYJ198403005
指数中的因素分析法科学性质疑,杨曾武,,统计研究,1984年03期,41-49+56,10,"<正> 指数中的因素分析法常从马克思在《资本论》中的一段论述找到理论依据。马克思在分析劳动日长度、劳动生产力和劳动强度这三个因素对劳动力价格和剩余价值相对量的影响时说:“很明显,在这里可能有许多种组合。可能两个因素变化,一个因素不变,或者三个因素同时发生变化。它们可能在同一程度上或在不同程度上变化,可能向同一方向或向相反的方向变化,以致它们的变化可以部分地或全部地互相抵销。……只要顺次地把其中一个因素 ",,,10.19343/j.cnki.11-1302/c.1984.03.007,基础科学; 社会科学Ⅱ辑,数学,,76,4,0,,https://kns8.cnki.net/KCMS/detail/detail.aspx?dbcode=CJFD&filename=TJYJ198403006
社会总产品和国民生产价值指标,刘奇,,统计研究,1984年03期,50-56,7,"<正> 用什么价值指标来观察、研究国民生产的发展水平、发展速度和比例关系,是计划管理和统计工作改革的一个重大课题。社会总产品是经济文化生活的基础,按其实物形态来说,它反映国民生产活动的总成果;按其观念形态来说,它是认识社会再生产过程的最重要最基本的经济范畴。而科学的经济指标,则是某种经济范畴的正确的数量说明。因此,要正确地认识国民生产发展的情况,必须建立一套科学的能够全面说明社会总产品的国民生产价值指标。 ",,,10.19343/j.cnki.11-1302/c.1984.03.008,经济与管理科学; 社会科学Ⅱ辑,经济统计,,44,1,1,"马克思的社会再生产理论[M]. 中国社会科学出版社 , 刘国光 著, 1981",https://kns8.cnki.net/KCMS/detail/detail.aspx?dbcode=CJFD&filename=TJYJ198403007
经济效益统计评价的方法论,翁礼馨,,统计研究,1984年03期,57-60+29,5,"<正> 加强经济效益统计,不仅要求合理制订各个领域经济效益指标体系,而且需要完善统计评价方法。本文拟就经济效益统计评价的若干方法上问题,提出一些看法。 ",,,10.19343/j.cnki.11-1302/c.1984.03.009,经济与管理科学; 社会科学Ⅱ辑,经济统计,,63,,,,https://kns8.cnki.net/KCMS/detail/detail.aspx?dbcode=CJFD&filename=TJYJ198403008
投资效果计量中的几个问题,徐衡,,统计研究,1984年03期,61-67,7,"<正> 投资,既包括固定资产建置的投资,也包括为扩大再生产而增加流动资金的投资。本文仅论述建置固定资产的投资效果。 投资效果通常都是用投资所取得的为社会提供的有效成果与固定资产建置中所消耗的劳动量或资金占用量对比的数值来表示的。对投资所取得的有效成果可以从不同角度进行计算,因此,反映投资效果的指标是多种多样的,它可以形成一套完整的指标体系。本文仅就涉及投资效果系数计算中的几个问题进行讨论。 ",,,10.19343/j.cnki.11-1302/c.1984.03.010,基础科学; 社会科学Ⅱ辑,数学,,33,0,1,"经济计量学导论[M]. 中国社会科学出版社 , [波兰]兰格(Lange,O·) 著, 1980",https://kns8.cnki.net/KCMS/detail/detail.aspx?dbcode=CJFD&filename=TJYJ198403009
关于投资效果系数的计算问题——与徐衡同志商榷,龙华,,统计研究,1984年03期,68-72,5,"<正> 徐衡同志《没资效果计量中的几个问题》一文,对我的一篇他文中关于投资效果系数的计算方法,以及投资与国民收入增长速度之间关系的表述提出了不同意见。 他从剖析一个经济方程式入手,首先对波兰经济学家奥斯卡·兰格教授的下列方程式表 ",,,10.19343/j.cnki.11-1302/c.1984.03.011,基础科学; 社会科学Ⅱ辑,数学,,35,,,,https://kns8.cnki.net/KCMS/detail/detail.aspx?dbcode=CJFD&filename=TJYJ198403010
上海市住房调查纪实,徐子陵; 邵瑞华,,统计研究,1984年03期,72-76,5,"<正> 人口普查是获得准确人口资料的有效方法,住宅是人的生活的必要条件。在现代人口普查中,许多国家都同时进行住宅普查,因为这两种普查结合进行有许多方便之处。1955年至1964年期间,122个举行人口普查的国家中,有111个同时举行了住宅普查。 在第三次全国人口普查中,国务院人口普查领导小组确定,凡有条件的地区,经当地政府批准,可以结合人口普查进行住房调查。据此,我市在人口普查的同时,进行了住宅调查。 ",,,10.19343/j.cnki.11-1302/c.1984.03.012,经济与管理科学; 社会科学Ⅱ辑,经济统计,,82,,,,https://kns8.cnki.net/KCMS/detail/detail.aspx?dbcode=CJFD&filename=TJYJ198403011
汉代的编户、移民与人口统计,刘叔鹤,,统计研究,1984年03期,77-79,3,"<正> 编户就是编入户籍为平民。编户齐民是封建国家利用农民的分散性,把他们作为劳动力以十、五为单位编制起来的一种制度。通过编户齐民,可以化出大小地主,也可以转化为赤贫,但转化为地主的是少数。《史记·货殖列传》:“夫千乘之王,万家之侯,百室之君,尚犹患贫,而况匹夫编户之民乎?” 汉书·高帝纪下》:“吕后与审食其谋日:诸将故与帝为编户民。” 《汉书·杨胡朱梅云传》:“孔氏子孙,不免编户。”颜师古注上说:“列为庶民也。”编户,也称编氓。可见编户就是把百姓编入人口簿籍,称为户籍。户籍的编制,当然是为赋税的征收和徭役服务的。 ",,,10.19343/j.cnki.11-1302/c.1984.03.013,社会科学Ⅱ辑,人口学与计划生育,,273,,,,https://kns8.cnki.net/KCMS/detail/detail.aspx?dbcode=CJFD&filename=TJYJ198403012
加快商业统计改革的步伐,张一耿,,统计研究,1984年04期,1-7,7,"<正> 党的十一届三中全会以来,各级人民政府根据计划经济为主、市场调节为辅的原则和对外开放,对内搞活经济的政策,在流通领域实行了一系列的改革,市场上出现了多条流通渠道、多种经济形式、多种经营方式、多种交易价格的新情况,城乡商品交流呈现出日益活跃的新气象。为了适应客观情况的变化,几年来对商业统计制度逐步进行了改革。但经济体制和流通体制的改革在不断深入发展,继续调整商业所有制结构,恢复供销合作社的集体经济性质,发展集体和个体商业、饮食业,鼓励农民进入流通领域,吸引农民从事商品交换,建立城市贸易中心,冲破“条条”分割和地区封锁,减少工业品与农产品计划购销品种,扩大自由购销范围,一个以国营商业为主导、开放式的“三多,一少”的商品流通体制正在形成。这些变化给商业统计工作带来了许多新问题,提出了很多新任务。 ",,,10.19343/j.cnki.11-1302/c.1984.04.001,社会科学Ⅱ辑,社会学及统计学,,33,,,,https://kns8.cnki.net/KCMS/detail/detail.aspx?dbcode=CJFD&filename=TJYJ198404000
论系统分析在综合平衡统计中的应用,庞皓,,统计研究,1984年04期,8-15,8,"<正> 系统分析是近几十年发展起来的一种综合性组织管理方法,目前已经广泛地应用于科学研究、工程设计、经济管理、社会人口、环境保护、军事工程等许多方面。用系统分析的观点和方法去进行国民经济综合平衡统计,是具有广阔发展前景的新课题。本文准备对系统分析在综合平衡统计中的应用,作一些初步的探讨。 ",,,10.19343/j.cnki.11-1302/c.1984.04.002,基础科学; 社会科学Ⅱ辑,数学,,46,0,1,"根据多目标规划原理确定综合经济效果指标[J]. 庞皓,谢胜智.  经济研究. 1982(12)",https://kns8.cnki.net/KCMS/detail/detail.aspx?dbcode=CJFD&filename=TJYJ198404001
论容许误差和把握程度,龚鉴尧,,统计研究,1984年04期,14-17+7,5,"<正> 抽样调查的一个重要特点,就在于可以在调查开始前,计算和控制抽样误差。怎么样计算和控制抽样误差?调查结果的容许误差应当有多大?把握程度如何?只有把这些问题回答清楚,才能真正懂得抽样调查的道理,熟练地掌握和运用抽样调查方法。 ",,,10.19343/j.cnki.11-1302/c.1984.04.003,基础科学; 社会科学Ⅱ辑,数学,,237,1,0,,https://kns8.cnki.net/KCMS/detail/detail.aspx?dbcode=CJFD&filename=TJYJ198404002
改进工业净产值计算方法的建议,吴琪; 王持位,,统计研究,1984年04期,18-24,7,"<正> 建国以来,我国工业计划统计的综合指标始终以工业总产值为主。去年,国务院在一个文件中明确规定,把工业净产值作为主要指标。工业净产值是工业新创造的价值,它在任何范围内没有重复计算,可以综合反映增产和节约两个方面的成果,因而能够比较确切地反映工业生产的规模,适于作为反映宏观经济效益的产出指标,用来研究国家、企业和个人三者之间的分配关系。把工业净产值作为工业综合指标体系中的主要指标,是正确的。 ",,,10.19343/j.cnki.11-1302/c.1984.04.004,基础科学; 社会科学Ⅱ辑,数学,,29,1,0,,https://kns8.cnki.net/KCMS/detail/detail.aspx?dbcode=CJFD&filename=TJYJ198404003
建立投入产出统计初探,毛邦基,,统计研究,1984年04期,25-30,6,"<正> 投入产出统计,是通过编制投入产出表,综合反映国民经济各部门之间的技术经济联系和协调发展的状况,是加强综合平衡,进行经济数量分析,开展经济预测的重要工具之一。近几年来,随着我国社会主义建设事业的日益发展,编制投入产出表提上工作日程。有些地区,有些部门已经或正在编制投入产出表,并对如何应用和发挥投入产出资料的作用方面迈出了可喜的一步。毫无疑问,开展投入产出统计,将开拓我国统计工作的新领域,是当前开创统计工作新局面,进行统计工作改革的重要的一环。 ",,,10.19343/j.cnki.11-1302/c.1984.04.005,经济与管理科学; 社会科学Ⅱ辑,经济统计,,86,2,1,投入产出技术在匈牙利国民经济中的应用[J]. 陈锡康.  数量经济技术经济研究. 1984(03),https://kns8.cnki.net/KCMS/detail/detail.aspx?dbcode=CJFD&filename=TJYJ198404004
为适应投入产出法的应用 必须改革统计指标体系,朱昌延,,统计研究,1984年04期,31-34,4,"<正> 近几年来,我国对投入产出法的推广应用,从理论到实践,做了大量工作,取得了一定效果。但是,现行统计指标体系不能适应定期编制投入产出表的需要,这是进一步普遍深入地推广应用投入产出法的一个主要障碍。 ",,,10.19343/j.cnki.11-1302/c.1984.04.006,经济与管理科学; 社会科学Ⅱ辑,经济统计,,50,1,0,,https://kns8.cnki.net/KCMS/detail/detail.aspx?dbcode=CJFD&filename=TJYJ198404005
电子计算机在统计工作中应用的现状和发展前景,岳如鹏,,统计研究,1984年04期,35-37,3,"<正> 当前,电子计算机的应用范围,已经从早先的科学计算扩展到数据处理、信息处理和知识处理,有的国家已经大规模地应用于国民经济的各个行业,并渗透到社会生活的各个领域。计算机应用的广度和深度成为衡量一个国家现代化水平的重要标志。作为主要经济信息来源,而且与数字打交道最多的统计工作,很自然地成为广泛应用电子计算机的一个重要领域。 ",,,10.19343/j.cnki.11-1302/c.1984.04.007,基础科学; 社会科学Ⅱ辑,数学,,57,,,,https://kns8.cnki.net/KCMS/detail/detail.aspx?dbcode=CJFD&filename=TJYJ198404006
工业统计资料的电子计算机处理和分析,肖湛; 姜峰,,统计研究,1984年04期,38-44,7,"<正> 一、计算机在工业统计中的应用 计算机在工业统计中主要可应用在下列几方面: (一) 进行统计数据处理。进行数据处理,是计算机的主要功用之一。由于计算机具有存贮容量大,运算速度快的特点,成千上万个原始数据经过计算机高速处理,只用几秒钟就形成完整的系统性资料。 ",,,10.19343/j.cnki.11-1302/c.1984.04.008,基础科学; 社会科学Ⅱ辑,数学,,29,,,,https://kns8.cnki.net/KCMS/detail/detail.aspx?dbcode=CJFD&filename=TJYJ198404007
关于改进高等统计专业教学的几点意见,刘树声,,统计研究,1984年04期,45-47,3,"<正> 4月2日,《经济日报》发表了陈云同志的这样一个意见:我国财经干部面临着知识更新的任务,现在大多数财经干部还没有看到这个任务的紧迫性。电子计算机的广泛应用,其他领域新技术的出现和应用,都对财经干部提出了新的任务。陈云同志的这个意见不仅对于财经干部本身,对于从事财经干部培养的教育部门和教学工作者也具有十分重要的意义。因为要使财经干部知识更新和现代化,就要求财经教育的教学内容首先实现现代化。 ",,,10.19343/j.cnki.11-1302/c.1984.04.009,社会科学Ⅱ辑,社会学及统计学,,27,,,,https://kns8.cnki.net/KCMS/detail/detail.aspx?dbcode=CJFD&filename=TJYJ198404008
三本《工业统计学》的一个总产值计算公式应当纠正——与佟哲暉同志商榷,李能金,,统计研究,1984年04期,48-50,3,"<正> 统计教科书是培养统计专业人才的工具。近几年来,陆续出版了三本《工业统计学》。这对大专院校培养工业统计专业人才和在职工业统计干部的培训都起了重要作用。但是,这三本书中存在着一个共同的问题:计算工业总产值的一个公式是错的。 ",,,10.19343/j.cnki.11-1302/c.1984.04.010,经济与管理科学; 社会科学Ⅱ辑,经济统计,,33,,,,https://kns8.cnki.net/KCMS/detail/detail.aspx?dbcode=CJFD&filename=TJYJ198404009
对李能金同志的答复,佟哲晖,,统计研究,1984年04期,51-53,3,"<正> 李能金同志去年先后给我写过两封信,对我主编的《工业统计学》教材中关于“车间工时单价”的计算公式提出批评意见,我已于1983年4月23日对他作了答复。李同志这次在《三本<工业统计学>的一个总产值计算公式应当纠正》一文中又提出这个问题,表示要同我商榷并且从文中可以看出他对我的观点有很大误解。因此,我不得不作必要的说明。 ",,,10.19343/j.cnki.11-1302/c.1984.04.011,经济与管理科学; 社会科学Ⅱ辑,经济统计,,30,,,,https://kns8.cnki.net/KCMS/detail/detail.aspx?dbcode=CJFD&filename=TJYJ198404010
贷款制下基建投资回收年限的计算,莫世康,,统计研究,1984年04期,54-57+62,5,"<正> 《统计研究》丛刊第七辑发表了马富泉同志的《怎样正确计算应用投资回收年限指标》一文(以下简称马文),读后很受启发。但也感到贷款制下投资回收年限的计算方法,还有一些问题值得进一步探讨。 ",,,10.19343/j.cnki.11-1302/c.1984.04.012,基础科学; 社会科学Ⅱ辑,数学,,40,,,,https://kns8.cnki.net/KCMS/detail/detail.aspx?dbcode=CJFD&filename=TJYJ198404011
质量的数量界限——学习《毛泽东选集》第四卷有关军事斗争文章的体会,于涛,,统计研究,1984年04期,58-62,5,"<正> 毛泽东同志告诉我们“胸中有‘数’。就是说,对情况和问题一定要注意到它们的数量方面,要有基本的数量的分析。任何质量都表现为一定的数量,没有数量也就没有质量。我们有许多同志至今不懂得注意事物的数量方面,……不懂得注意决定事物质量的数量界限,一切都是胸中无‘数’,结果就不能不犯错误。” ",,,10.19343/j.cnki.11-1302/c.1984.04.013,哲学与人文科学; 社会科学Ⅱ辑,人物传记,,76,,,,https://kns8.cnki.net/KCMS/detail/detail.aspx?dbcode=CJFD&filename=TJYJ198404012
应用统计学的科学性质——兼与冯杞靖同志商榷,郭恩才,,统计研究,1984年04期,63-66,4,"<正> 1984年第一期《统计研究》刊登了林青同志的《<统计研究>丛刊一至九辑述评》。在总结近几年统计基础理论研究的情况时,例举了“一些新的具有特色的意见”。列在其首的就是这样一种意见:应用统计学是“实质性科学”和“方法论科学”的结合体,主张一切应用统计学除了研究适用于各该应用学科的统计方法外,也有必要研究这门学科本身的现象的规律。据查,这种观点在我国最初是由冯杞靖同志提出来的。(见冯杞靖:《关于统计学的几个基本理论问题》,载《统计研究》丛刊第四辑,中国统计出版社1982年版)。对于冯杞靖同志的观点实在不敢苟同。现提出一点不成熟的见解,就教于冯杞靖同志和其他从事统计基础理论研究的同志们。 ",,,10.19343/j.cnki.11-1302/c.1984.04.014,社会科学Ⅱ辑,社会学及统计学,,121,,,,https://kns8.cnki.net/KCMS/detail/detail.aspx?dbcode=CJFD&filename=TJYJ198404013
关于科技统计指标体系的讨论,仲树,,统计研究,1984年04期,67-71,5,"<正> 随着科学技术的进步,科学技术统计越来越重要。目前,我国的科技统计工作不能适应科学技术发展的需要,有关部门已组织力量进行科技统计指标体系方面的讨论,并取得了一些进展。现将讨论的主要问题和观点介绍如下: ",,,10.19343/j.cnki.11-1302/c.1984.04.015,基础科学; 社会科学Ⅱ辑,数学,,64,,,,https://kns8.cnki.net/KCMS/detail/detail.aspx?dbcode=CJFD&filename=TJYJ198404014
战后美国的国民收入核算体系,徐兴良,,统计研究,1984年04期,72-76,5,"<正> 国民收入是一个综合性经济指标。按照美国著名资产阶级经济学家萨缪尔逊的说法,有其广义的概念和狭义的概念。所谓广义的国民收入,是指国民生产总值、国民生产净值、国民收入、个人收入和个人可支配收入这五个总量指标所构成的一个指标体系;所谓狭义的国民收入,则是指其中的国民收入。广义国民收入的五个总量指标,借助于复式会计帐户的形式,把它们之间的内在联系表述出来,这就是国民收入核算体系。在美国,这个体系称作“国民收入和生产核算体系”(National Ineome and Product Accounts)。 ",,,10.19343/j.cnki.11-1302/c.1984.04.016,经济与管理科学; 社会科学Ⅱ辑,经济统计,,138,1,0,,https://kns8.cnki.net/KCMS/detail/detail.aspx?dbcode=CJFD&filename=TJYJ198404015
国外能源统计简介,杨宽宽,,统计研究,1984年04期,77-80,4,"<正> 能源关系到国民经济的发展和人民生活的提高,在经济活动中具有战略性的意义。因此,世界各国统计机构,都把能源统计作为一项十分重要的工作。联合国统计司在1978年3月,专门组织了一个能源统计专家组,其他一些地区性组织,也有专门的能源统计机构。随着专门机构的建立,能源统计工作越来越趋于成熟和正规化。下面,分三个问题简单介绍一下。 ",,,10.19343/j.cnki.11-1302/c.1984.04.017,经济与管理科学; 社会科学Ⅱ辑,经济统计,,176,2,0,,https://kns8.cnki.net/KCMS/detail/detail.aspx?dbcode=CJFD&filename=TJYJ198404016
经济体制改革和统计工作改革,岳巍,,统计研究,1985年01期,1-6,6,"<正> 党的十二届三中全会通过的《中共中央关于经济体制改革的决定》,正确地总结了历史和现实的经验教训,提出和阐明了经济体制改革的一系列重大理论和方针政策。它对指导我国以城市为重点的整个经济体制改革,对指导我国统计工作改革,都具有重要的理论意义和实践意义。 ",,,10.19343/j.cnki.11-1302/c.1985.01.001,社会科学Ⅱ辑,社会学及统计学,,28,1,0,,https://kns8.cnki.net/KCMS/detail/detail.aspx?dbcode=CJFD&filename=TJYJ198501000
对商业统计改革的一些初步设想,关振民,,统计研究,1985年01期,7-9,3,"<正> 随着我国经济体制的改革,特别是最近城市体制的改革,现行的商业统计制度已不适应客观形势发展的需要,急待改革。目前,城市商业体制作了重大的改革。必须对商业统计的任务、范围、指标设置和统计工作的组织、方法、制度也进行改革,以适应新形势下国家和企业进行计划管理、统计监督检查的需要。商业统计改革牵涉的面很广,问题很多,本文只就统计的范围、内容、指标设置和统计方法等提出一些粗浅的看法。 ",,,10.19343/j.cnki.11-1302/c.1985.01.002,经济与管理科学; 社会科学Ⅱ辑,经济统计,,21,,,,https://kns8.cnki.net/KCMS/detail/detail.aspx?dbcode=CJFD&filename=TJYJ198501001
论矩阵式国民经济综合平衡表——兼论投入产出表的扩展问题,赵占明; 李宝瑜,,统计研究,1985年01期,10-16+6,8,"<正> 目前世界各国所采用的综合平衡表大致分为两种类型,一种是苏联等国所采用的国民经济综合财政平衡表(简称东方表,下同);一种是西方国家所采用的矩阵式国民经济核算体系(简称西方表,下同)。 这两种类型的综合平衡表存在着两点根本区别:第一,在内容方面,东方表建立在物质生产与非物质生产的划分等经济理论基础之上,核算和反映物质产品的数量及其运动过程;而西方表(1)不区分物质生产与非物质生产,把财政、金融、服务行业等提供非生产服务 ",,,10.19343/j.cnki.11-1302/c.1985.01.003,基础科学; 社会科学Ⅱ辑,数学,,96,4,0,,https://kns8.cnki.net/KCMS/detail/detail.aspx?dbcode=CJFD&filename=TJYJ198501002
西方指数基本公式与工业生产指数的编制,时中,,统计研究,1985年01期,17-21+80,6,"<正> 指数是从微观过渡到宏观,综合反映宏观经济的重要统计指标。在国民经济各个领域,为不同目的广泛地应用指数。例如,为编制发展计划和制定政策,检查工业部门的生产活动情况,需要编制工业生产与劳动生产率等指数;为分析市场需求,进行短期预测,搞好工业管理,需要编制按产品分类的生产与出厂价格等指数。在采用“国民经济核算体系”的欧美资本主义国家,编制价格减缩指数,来消除价格变动对国民生产总值、国内生产总值和其他经济 ",,,10.19343/j.cnki.11-1302/c.1985.01.004,基础科学; 社会科学Ⅱ辑,数学,,57,,,,https://kns8.cnki.net/KCMS/detail/detail.aspx?dbcode=CJFD&filename=TJYJ198501003
恩格尔定律在我国的适应性,邵宗明; 周金城,,统计研究,1985年01期,22-25,4,"<正> 恩格尔定律是十九世纪德国著名的社会学派统计学家恩格尔(E.Engel)提出来的。恩格尔曾对萨克森地区的工业生产人口进行了家计调查,并对居民生活消费结构变动的趋势进行过深入的研究。他发现家庭收入越少,用于饮食费用的开支在家庭总支出中所占的比重越高。而随着收入的增加,用于食品支出所占比重将越来越小。并由此得出结论:在其他条件 ",,,10.19343/j.cnki.11-1302/c.1985.01.005,经济与管理科学; 社会科学Ⅱ辑,经济体制改革,,90,2,1,二○○○年我国居民消费水平及恩格尔系数预测[J]. 任定方.  未来与发展. 1983(02),https://kns8.cnki.net/KCMS/detail/detail.aspx?dbcode=CJFD&filename=TJYJ198501004
关于建立与加强技术进步统计的探讨,彭青来,,统计研究,1985年01期,26-30,5,"<正> 当今社会,科学技术进步已经成为社会经济发展的关键因素。但是,目前我国工业技术水平总的来说还是比较落后的,许多企业设备陈旧,工艺落后,产品制造水平低,竞争能力差。这些情况表明,我国面临着推进工业技术进步的繁重任务。这就给统计理论工作者、统计实际工作者提出了新的任务。如何建立和加强技术进步统计、建立比较完整的、系统的指标体系,来确切反映技术进步的发展变化状况是当前统计理论部门和实际工作部门面临的刻不 ",,,10.19343/j.cnki.11-1302/c.1985.01.006,经济与管理科学; 社会科学Ⅱ辑,工业经济,,22,,,,https://kns8.cnki.net/KCMS/detail/detail.aspx?dbcode=CJFD&filename=TJYJ198501005
投资进度与工期进度的统计分析,张剑波,,统计研究,1985年01期,31-34,4,"<正> 统计指标解释指出,“基本建设投资额,是以货币表示的建造与购置固定资产活动的工作量”。“自开始建设到报告期止累计完成的投资额,则是反映整个建设项目总进度的指标”。这就说明了,投资完成进度与工期进度,有着内在的联系。事实上,同类建设项目的投资及工期,都大致相近,具有一定的规律性。但是,由于各种非控制性因素的影响,各个建设项目之间,在相同的工期进度下,投资进度并不完全一致, ",,,10.19343/j.cnki.11-1302/c.1985.01.007,基础科学; 社会科学Ⅱ辑,数学,,50,,,,https://kns8.cnki.net/KCMS/detail/detail.aspx?dbcode=CJFD&filename=TJYJ198501006
现代抽样技术介绍(一),吴辉,,统计研究,1985年01期,35-49,15,"<正> 第二次世界大战后,抽样调查方法在世界各国社会经济统计工作中得到了日益广泛的应用,抽样理论与抽样方法都有了迅速的发展。本文打算介绍国外现代的一些重要抽样技术,供我国读者参考。介绍的内容侧重于在我国实际工作中尚未开始采用或刚刚进行探索的一些技术。 ",,,10.19343/j.cnki.11-1302/c.1985.01.008,基础科学; 社会科学Ⅱ辑,数学,,93,,,,https://kns8.cnki.net/KCMS/detail/detail.aspx?dbcode=CJFD&filename=TJYJ198501007
我国人口预测与控制,华伯泉,,统计研究,1985年01期,54-61+53,9,"<正> 我国的人口数1949年底为54,167万人,1980年底为98,705万人。三十一年中,人口的年平均增长率为 （98,705/54,167）1/31-1=19.5455‰（98,705/54,167）31-1=19.5455‰如果按此增长率发展,到2000年底,我国人口将达到 98,705（1.0195455）20=145,369万人。这将是美国、日本、德意志联邦共和国、英国、法国、意大利、加拿大和澳大利亚等八个主要资本主义国家1981年中人口数61,328万人的1.37倍。然而我们的国土面积却只有这八国的三分之一（960万平方公里/2874.3万平方公里）那时我国的人口密度将由1980年的每平方公里103人增加到151人。这岂不真的将出现 ",,,10.19343/j.cnki.11-1302/c.1985.01.010,基础科学; 社会科学Ⅱ辑,数学,,153,,,,https://kns8.cnki.net/KCMS/detail/detail.aspx?dbcode=CJFD&filename=TJYJ198501009
社会经济统计学与随机变量,郭宗沐,,统计研究,1985年01期,62-66,5,"<正> 有这样一种见解:“由于在社会现象中,随机现象不多,因而在社会经济统计中可以使用数理统计方法的范围,就受到了一定限制,一般只是在抽样调查中用到数理统计中的抽样原理。”①断言“社会经济现象中随机现象不多”,这是值得商榷的。 一 社会经济统计学中任意一个统计总体的每一个变动标志都可以引导到数理统计学中的随机变量。或者说:总体的每个变动标志都是一个随机变量。 ",,,10.19343/j.cnki.11-1302/c.1985.01.011,基础科学; 社会科学Ⅱ辑,数学,,46,,,,https://kns8.cnki.net/KCMS/detail/detail.aspx?dbcode=CJFD&filename=TJYJ198501010
试谈在分组相关表中计算相关系数的偏差,罗亮畴,,统计研究,1985年01期,67-72,6,"<正> 一、问题的提出 在相关分析中,有一种叫“假相关”的问题,是应该注意和避免的。 但在相关分析中,有时即使是对两个确实具有相关关系的资料,当资料的项数较多,在作相关分析时,常要将原资料作分组整理。但是,由于所分析的资料的特点和分组整理的方法不同,而计算得的相关系数比诸实际相关系数会有相一致、或者会有高于或低得多的数值。这种高于或低于实际相关系数的这一部分数值,无异是一种“假性的成份”,但原资料的相关关系是确实存在的,不便竟叫它为“假性”,暂称为“偏差值”。 ",,,10.19343/j.cnki.11-1302/c.1985.01.012,基础科学; 社会科学Ⅱ辑,数学,,72,,,,https://kns8.cnki.net/KCMS/detail/detail.aspx?dbcode=CJFD&filename=TJYJ198501011
反映速度、比例、效益方面的统计指标,朱庆芳,,统计研究,1985年01期,73-75+72,4,"<正> 一、用什么指标能综合反映国民经济总的发展速度? 反映国民经济发展水平的综合指标,常用的有社会总产值(用货币表现的农业、工业、建筑业、运输业、商业五个物质生产部门的全部物质产品的总量),工农业总产值(指工业、农业两个部门总产值之和,约占社会总产值的80%以上),国民收入(社会总产值扣除生产过程中的物质消耗后的余额,也即净产值)。社会总产值代表了物质生产部门的总成果,国民收入是物质生产部门劳动者新创造的价值。因此,用这些综合指标来计算速度,能反映国民经济总的发展水平和动态。 ",,,10.19343/j.cnki.11-1302/c.1985.01.013,经济与管理科学; 社会科学Ⅱ辑,经济统计,,28,,,,https://kns8.cnki.net/KCMS/detail/detail.aspx?dbcode=CJFD&filename=TJYJ198501012
对牲畜商品率计算公式的分析,雷景霖,,统计研究,1985年01期,76-66,2,"<正> 在研究牲畜商品率计算公式之前,须先了解一下什么是商品率和它的计算公式。商品率一般是指生产单位在一定时间内商品产量占产品总产量的百分比。其计算公式是: 商品率=商品产量/产品总产量×100% 那么牲畜商品率也应该是:报告期内作为销售的牲畜头数和报告期内牲畜产量头数相比的百分数。可是在具体计算中用什么数作分母分子,却有不同的见解。这是由于牲畜在再生环过程中的特殊性造成的: ",,,10.19343/j.cnki.11-1302/c.1985.01.014,经济与管理科学; 社会科学Ⅱ辑,经济统计,,30,,,,https://kns8.cnki.net/KCMS/detail/detail.aspx?dbcode=CJFD&filename=TJYJ198501013
关于国民经济综合平衡统计核算几个问题的探讨,张塞,,统计研究,1985年02期,1-6,6,"<正> 一、国民经济综合平衡和国民经济综合平衡统计核算 在社会主义经济中,综合平衡是一个全局性的问题。社会主义国民经济是一个有机整体,各个部门之间、再生产各个环节之间和各地区之间存在着错综复杂的相互联系、相互制约的关系,任用一个部门、环节、地区都不能脱离其他部门、环节、地区而孤立地单独地发展。要保证国民经济的协调发展,就要通过综合平衡编制计划,使各部门、各地区、各方面 ",,,10.19343/j.cnki.11-1302/c.1985.02.001,经济与管理科学; 社会科学Ⅱ辑,经济统计,,38,,,,https://kns8.cnki.net/KCMS/detail/detail.aspx?dbcode=CJFD&filename=TJYJ198502000
借鉴统计改革的历史经验 领导好新时期的统计改革,王一夫,,统计研究,1985年02期,7-13,7,"<正> 自党的十一届三中全会以来,我国统计工作有了很大的恢复和发展,取得了很大的成绩。但还有不少弱点,还不能适应当前经济体制改革和对外开放新形势的需要。我们面临着根据新形势新需要进行统计改革的紧迫任务。不改革固然不行,不积极改革也不行。只有坚决积极地进行改革,才能较好地完成党在新时期所赋予统计工作的历史任务。 ",,,10.19343/j.cnki.11-1302/c.1985.02.002,社会科学Ⅱ辑,社会学及统计学,,39,,,,https://kns8.cnki.net/KCMS/detail/detail.aspx?dbcode=CJFD&filename=TJYJ198502001
产值核算的指标关系及其改革问题,岳巍,,统计研究,1985年02期,14-21+13,9,"<正> 产值作为一项综合经济指标,在我国经济管理工作中运用得非常广泛,无论在宏观经济管理还是在微观经济管理中都占有重要地位。但是,多年来在实际运用产值中也存在一些问题,人们对它的认识也不完全一致。在当前以城市为重点的整个经济体制改革逐步开展,亟需加强国民经济管理的情况下,研究探讨产值指标的改革,逐步建立科学的国民经济核算体系,这对搞好宏观经济管理,合理进行收入分配,促进商品经济的发展,具有重要的现实意义。 ",,,10.19343/j.cnki.11-1302/c.1985.02.003,经济与管理科学; 社会科学Ⅱ辑,经济统计,,32,,,,https://kns8.cnki.net/KCMS/detail/detail.aspx?dbcode=CJFD&filename=TJYJ198502002
